Date,Open,High,Low,Close,Adj Close,Volume
02-01-2019,39400,39400,38550,38750,34283.77734,7847664
03-01-2019,38300,38550,37450,37600,33266.32031,12471493
04-01-2019,37450,37600,36850,37450,33133.60938,14108958
07-01-2019,38000,38900,37800,38750,34283.77734,12748997
08-01-2019,38000,39200,37950,38100,33708.69141,12756554
09-01-2019,38650,39600,38300,39600,35035.80859,17452708
10-01-2019,40000,40150,39600,39800,35212.76172,14731699
11-01-2019,40350,40550,39950,40500,35832.07813,11661063
14-01-2019,40450,40700,39850,40050,35433.94531,11984996
15-01-2019,40050,41100,39850,41100,36362.92188,11492756
16-01-2019,41150,41450,40700,41450,36672.58203,8491595
17-01-2019,41700,42100,41450,41950,37114.95703,11736903
18-01-2019,42000,42400,41950,42300,37424.62109,11029256
21-01-2019,42700,42750,41900,42750,37822.75781,11355701
22-01-2019,42750,42850,41850,42150,37291.90625,9964356
23-01-2019,41350,42250,41350,42000,37159.1875,11071079
24-01-2019,43050,43100,42350,43050,38088.17578,14747623
25-01-2019,44300,44750,43750,44750,39592.23047,22789395
28-01-2019,45000,45500,44600,45050,39857.65234,17998914
29-01-2019,45050,45500,44350,45500,40255.78906,16215017
30-01-2019,44800,46400,44800,46400,41052.05078,17505980
31-01-2019,46650,47050,46150,46150,40830.875,21621145
01-02-2019,46650,46950,46250,46350,41007.82031,13832454
07-02-2019,46800,47100,46200,46200,40875.10938,15872001
08-02-2019,45700,45700,44650,44800,39636.46875,12689196
11-02-2019,44500,45000,44250,45000,39813.41797,11125044
12-02-2019,44650,46250,44650,46050,40742.39844,13184367
13-02-2019,46400,46700,46000,46200,40875.10938,11299738
14-02-2019,46600,47500,46150,47500,42025.26953,17259341
15-02-2019,46750,46850,45650,46050,40742.39844,10554643
18-02-2019,46500,46850,45850,46200,40875.10938,8183728
19-02-2019,45850,46150,45450,45950,40653.92578,6741395
20-02-2019,46750,47100,46500,46900,41494.42969,11506720
21-02-2019,46500,47200,46200,46950,41538.66797,8694009
22-02-2019,46500,47150,46450,47150,41715.61719,6895772
25-02-2019,47400,47550,47050,47350,41892.56641,7484716
26-02-2019,47350,47450,46500,46750,41361.72266,7985547
27-02-2019,47000,47250,46750,46750,41361.72266,8045211
28-02-2019,46400,46500,45100,45100,39901.89063,23569321
04-03-2019,46000,46100,44800,44850,39680.70313,12926539
05-03-2019,44600,45100,44150,44250,39149.86328,10612405
06-03-2019,44000,44300,43700,44000,38928.67578,10202544
07-03-2019,43400,44950,43400,44450,39326.80469,11049749
08-03-2019,44450,44800,43800,43800,38751.72656,7729069
11-03-2019,44400,44450,43650,43650,38619.01563,10717408
12-03-2019,44300,44950,44150,44650,39503.76172,11431977
13-03-2019,44250,44450,43700,43850,38795.96875,8108343
14-03-2019,43700,44300,43550,43850,38795.96875,18039161
15-03-2019,43800,44250,43700,44200,39105.62891,16814163
18-03-2019,43950,44150,43450,43700,38663.26172,8188876
19-03-2019,43750,43900,43550,43900,38840.20313,7609563
20-03-2019,43800,44200,43100,44050,38972.91016,9846242
21-03-2019,44600,46250,44050,45850,40565.44531,21138016
22-03-2019,46850,47000,46250,46550,41184.77344,12535911
25-03-2019,45300,45650,44800,45500,40255.78906,8699728
26-03-2019,45500,45700,44900,45250,40034.60547,9729811
27-03-2019,44750,45600,44250,45350,40123.08203,9568081
28-03-2019,44950,45200,44300,44850,39992.88672,6821306
29-03-2019,44500,44900,44200,44650,39814.55469,11491713
01-04-2019,45200,45450,44850,45050,40171.23047,7362129
02-04-2019,45550,46100,45350,45750,40795.42578,9480688
03-04-2019,46750,46750,45800,46600,41553.36719,12436570
04-04-2019,46150,47100,46150,46950,41865.46875,12650168
05-04-2019,46950,47550,46600,46850,41776.29297,8546339
08-04-2019,47250,47250,46150,46650,41597.96094,8507909
09-04-2019,46700,46950,46200,46650,41597.96094,6878761
10-04-2019,46400,46700,46050,46700,41642.53516,11883995
11-04-2019,46700,46800,46150,46250,41241.26953,13697399
12-04-2019,46050,46900,46000,46850,41776.29297,7668936
15-04-2019,47150,47500,47000,47050,41954.63672,8733019
16-04-2019,47400,47400,46800,47250,42132.96875,7730881
17-04-2019,47300,47600,47000,47050,41954.63672,5513658
18-04-2019,47200,47250,45500,45600,40661.66016,12808747
19-04-2019,45750,46000,45250,45300,40394.16406,8479710
22-04-2019,45400,45900,45100,45350,40438.75,6006957
23-04-2019,45050,45500,45000,45200,40304.97656,6920566
24-04-2019,45400,45650,44150,44750,39903.71484,13299267
25-04-2019,44250,45000,44100,44650,39814.55469,10868965
26-04-2019,44200,45000,43800,44850,39992.88672,9739982
29-04-2019,45150,46150,45100,46150,41152.11328,8777517
30-04-2019,46000,46300,45350,45850,40884.58594,11121273
02-05-2019,45500,46150,45400,45900,40929.17969,8625126
03-05-2019,45900,46050,45300,45300,40394.16406,6562916
07-05-2019,45250,45300,44400,44850,39992.88672,12014907
08-05-2019,44300,44850,44200,44250,39457.86719,10398754
09-05-2019,43900,44250,42450,42450,37852.80469,23029718
10-05-2019,42600,43450,42450,42900,38254.06641,14579512
13-05-2019,42500,43200,42350,42650,38031.14063,7635079
14-05-2019,41300,43100,41300,42650,38031.14063,11563730
15-05-2019,42700,43050,42550,42550,37941.98047,7670185
16-05-2019,42350,42400,41350,41550,37050.26563,13687828
17-05-2019,41950,42050,40850,41200,36738.17969,13357951
20-05-2019,41650,42100,41550,42000,37451.53516,15752397
21-05-2019,42600,43950,42350,43150,38476.99609,18812133
22-05-2019,43700,43800,42400,43500,38789.08984,11033339
23-05-2019,43900,44000,43250,43850,39101.1875,12259006
24-05-2019,43800,43800,42400,42700,38075.72656,13966305
27-05-2019,42500,43000,42350,42650,38031.14063,8066669
28-05-2019,42550,42950,42150,42550,37941.98047,24506881
29-05-2019,41850,42100,41300,41800,37273.19922,14930618
30-05-2019,42200,42700,42150,42550,37941.98047,11766018
31-05-2019,42600,42800,42150,42500,37897.39453,11365999
03-06-2019,42950,43900,42500,43800,39056.59766,15466580
04-06-2019,43400,43700,43000,43450,38744.50781,9913497
05-06-2019,44050,44200,43700,43900,39145.77734,12464135
07-06-2019,43600,44350,43450,44200,39413.28516,11683682
10-06-2019,44300,44850,44050,44800,39948.30469,8792182
11-06-2019,44800,45000,44550,44850,39992.88672,6664872
12-06-2019,44800,45050,44300,44600,39769.96094,8607439
13-06-2019,44200,44400,43400,43750,39012.01172,16906541
14-06-2019,43750,44150,43300,44000,39234.9375,9322873
17-06-2019,43750,44050,43400,43900,39145.77734,11890424
18-06-2019,43750,44500,43650,44350,39547.04297,7994928
19-06-2019,45450,45450,45000,45350,40438.75,10417690
20-06-2019,44850,45500,44850,45500,40572.5,7147785
21-06-2019,45750,45800,45200,45700,40750.82813,9454913
24-06-2019,45200,45800,45200,45500,40572.5,6085066
25-06-2019,45200,45800,45200,45600,40661.66016,7076774
26-06-2019,45800,46000,45600,45700,40750.82813,9226097
27-06-2019,46000,46600,45750,46500,41787.89453,12603534
28-06-2019,47000,47000,46700,47000,42237.22656,12949231
01-07-2019,47350,47400,46250,46600,41877.75781,11383522
02-07-2019,46200,46900,45850,46250,41563.22656,8463073
03-07-2019,45750,46350,45200,45400,40799.36719,9669368
04-07-2019,45250,46200,45250,46000,41338.57031,6365573
05-07-2019,45950,45950,45250,45650,41024.03125,7235395
08-07-2019,44750,44800,44350,44400,39900.70313,7823843
09-07-2019,44850,45450,44700,45100,40529.76172,7646421
10-07-2019,45550,46150,45500,45550,40934.16797,9253930
11-07-2019,46350,46550,46150,46200,41518.30078,10989751
12-07-2019,46350,46400,45800,46300,41608.15234,5245804
15-07-2019,45950,46650,45750,46450,41742.96484,4717226
16-07-2019,46450,46850,46300,46850,42102.42578,7407824
17-07-2019,46150,46350,45950,46050,41383.49219,5216602
18-07-2019,46450,46450,45650,46100,41428.43359,5143554
19-07-2019,46650,46950,46600,46800,42057.49609,8819393
22-07-2019,46800,47300,46600,47200,42416.96094,9009109
23-07-2019,47350,47550,47050,47300,42506.83203,9061381
24-07-2019,47100,47150,46250,46400,41698.01953,8756522
25-07-2019,47150,47200,46600,47200,42416.96094,8408838
26-07-2019,46650,47150,46550,47150,42372.03125,7873886
29-07-2019,46800,47050,46000,46100,41428.43359,6856846
30-07-2019,46300,46850,46300,46550,41832.82813,5551014
31-07-2019,46200,46600,45000,45350,40754.4375,12872916
01-08-2019,44900,45500,44850,45200,40619.625,7811181
02-08-2019,44550,45500,44300,44950,40394.96484,12151374
05-08-2019,44350,44600,43600,43950,39496.30078,14214086
06-08-2019,42500,43800,42500,43500,39091.90234,15083824
07-08-2019,43600,43900,43100,43200,38822.30859,10002533
08-08-2019,43250,43500,42650,42650,38328.03125,16926881
09-08-2019,43250,43350,43050,43150,38777.36719,9685147
12-08-2019,44000,44000,43550,43700,39271.64453,8466169
13-08-2019,43500,43500,42950,43000,38642.57422,7276979
14-08-2019,43900,44250,43500,43700,39271.64453,8750135
16-08-2019,43800,43900,43300,43900,39451.37109,9528115
19-08-2019,44350,44350,43500,43600,39181.76563,6014218
20-08-2019,43950,44600,43550,44450,39945.625,8434205
21-08-2019,44350,44800,44150,44500,39990.56641,6571717
22-08-2019,44500,44700,43850,44050,39586.16797,8061177
23-08-2019,43800,44200,43650,43950,39496.30078,5017381
26-08-2019,43050,43800,42950,43600,39181.76563,7954949
27-08-2019,43650,44200,43600,44050,39586.16797,16883932
28-08-2019,44100,44400,43750,44150,39676.03516,5758333
29-08-2019,44200,44200,43050,43400,39002.03125,10768862
30-08-2019,43750,44300,43750,44000,39541.23828,9899073
02-09-2019,44850,44850,43650,43800,39361.5,7185537
03-09-2019,43550,43650,43100,43250,38867.23828,9774941
04-09-2019,43250,44100,43150,44100,39631.10547,12441837
05-09-2019,44800,46100,44450,45700,41068.96094,18297430
06-09-2019,46500,46500,45850,46300,41608.15234,9896562
09-09-2019,46450,47000,46300,46900,42147.36328,9434157
10-09-2019,47100,47200,46550,47000,42237.22656,9231792
11-09-2019,47300,47400,46800,47150,42372.03125,16141619
16-09-2019,47000,47100,46400,47100,42327.09766,15550926
17-09-2019,47000,47100,46800,46900,42147.36328,7006280
18-09-2019,46900,47700,46800,47700,42866.29688,10413027
19-09-2019,48050,49200,47850,49150,44169.35156,16461413
20-09-2019,49400,49600,49100,49200,44214.29297,15460210
23-09-2019,49250,49300,49000,49300,44304.15234,7568553
24-09-2019,49050,49650,48850,49500,44483.89063,7871955
25-09-2019,49200,49350,48800,48900,43944.69141,9187141
26-09-2019,49000,49250,48900,49200,44214.29297,8494756
27-09-2019,48000,48700,48000,48400,43810.58203,8048041
30-09-2019,48050,49250,47900,49050,44398.94141,9497119
01-10-2019,48900,49100,48650,48850,44217.90625,6206035
02-10-2019,48350,48400,47600,47600,43086.44531,8382463
04-10-2019,47400,48650,47350,48000,43448.51172,9331695
07-10-2019,48350,48700,47650,47750,43222.21484,7047273
08-10-2019,47900,49000,47600,48900,44263.17188,14239367
10-10-2019,48200,49200,48000,48550,43946.35547,18639855
11-10-2019,49000,49450,48800,49150,44489.46875,7783275
14-10-2019,50000,50300,49850,50000,45258.86328,11130635
15-10-2019,49900,50200,49900,50100,45349.38281,6058105
16-10-2019,50700,50900,50400,50700,45892.49219,9136282
17-10-2019,50500,50600,50100,50500,45711.44531,6701380
18-10-2019,50300,50900,49650,49900,45168.33984,8483106
21-10-2019,49900,50400,49800,50300,45530.42188,4406531
22-10-2019,50800,51500,50700,51200,46345.07422,10898729
23-10-2019,51300,51500,50800,51200,46345.07422,8663880
24-10-2019,52500,52500,50500,50700,45892.49219,21185785
25-10-2019,50800,51200,50500,50900,46073.52734,7879897
28-10-2019,50700,51500,50700,51300,46435.59375,6431522
29-10-2019,51400,51700,50800,51100,46254.55859,7581629
30-10-2019,50700,50800,50200,50400,45620.9375,8959435
31-10-2019,51000,51400,50300,50400,45620.9375,10304777
01-11-2019,50600,51200,50400,51200,46345.07422,8467846
04-11-2019,51700,52300,51400,52300,47340.77734,13012411
05-11-2019,52400,52700,52100,52700,47702.83984,10581034
06-11-2019,52900,53500,52700,53300,48245.94531,14361133
07-11-2019,53400,53400,52400,52900,47883.87891,9257116
08-11-2019,53200,53300,52000,52100,47159.73828,11603290
11-11-2019,52200,52200,51400,51600,46707.15234,8185952
12-11-2019,51800,52600,51600,52600,47612.32031,6576148
13-11-2019,52500,52500,52000,52500,47521.81641,6225196
14-11-2019,51900,52800,51900,52800,47793.35156,12010018
15-11-2019,52900,53700,52600,53700,48608.02344,9703360
18-11-2019,53600,53800,53200,53500,48426.98438,7746554
19-11-2019,53200,53500,52700,53500,48426.98438,8907177
20-11-2019,53400,53400,52000,52000,47069.22266,12560070
21-11-2019,51600,52100,50600,51000,46164.03906,14298646
22-11-2019,51000,51600,50900,51600,46707.15234,8478310
25-11-2019,52200,52600,51700,51800,46888.19141,9050625
26-11-2019,51900,52900,51800,51800,46888.19141,27372226
27-11-2019,51800,52300,51600,52200,47250.25391,7546261
28-11-2019,51900,52100,51300,51300,46435.59375,6833885
29-11-2019,51200,51400,50200,50300,45530.42188,11179334
02-12-2019,50900,51300,50400,50400,45620.9375,18877252
03-12-2019,49800,50300,49500,49900,45168.33984,12059812
04-12-2019,49600,49850,49000,49450,44761.01953,13246549
05-12-2019,50200,50400,49500,49500,44806.26953,10449715
06-12-2019,50100,50900,49950,50400,45620.9375,11414563
09-12-2019,50900,51400,50700,51200,46345.07422,8470627
10-12-2019,51000,51600,50700,51500,46616.62891,6882771
11-12-2019,51500,52200,51400,51900,46978.70703,11379521
12-12-2019,53000,53300,52700,53300,48245.94531,29178697
13-12-2019,54500,54800,53900,54700,49513.19531,18120261
16-12-2019,54500,54900,54300,54700,49513.19531,11512405
17-12-2019,55800,56700,55400,56700,51323.55078,19358433
18-12-2019,56700,57200,56000,56300,50961.48047,15558208
19-12-2019,57000,57300,55500,56000,50689.92969,14180520
20-12-2019,56100,56500,55600,56000,50689.92969,12095519
23-12-2019,56100,56400,55100,55500,50237.33594,9839252
24-12-2019,55600,55700,54800,55000,49784.74609,11868463
26-12-2019,54700,55400,54400,55400,50146.82813,9645034
27-12-2019,55700,56900,55500,56500,51471.41797,12313056
30-12-2019,56200,56600,55700,55800,50833.71484,8356767
02-01-2020,55500,56000,55000,55200,50287.125,12993228
03-01-2020,56000,56600,54900,55500,50560.41406,15422255
06-01-2020,54900,55600,54600,55500,50560.41406,10278951
07-01-2020,55700,56400,55600,55800,50833.71484,10009778
08-01-2020,56200,57400,55900,56800,51744.71875,23501171
09-01-2020,58400,58600,57400,58600,53384.51172,24102579
10-01-2020,58800,59700,58300,59500,54204.41406,16000170
13-01-2020,59600,60000,59100,60000,54659.91797,11359139
14-01-2020,60400,61000,59900,60000,54659.91797,16906295
15-01-2020,59500,59600,58900,59000,53748.90625,14300928
16-01-2020,59100,60700,59000,60700,55297.60938,14381774
17-01-2020,61900,62000,61000,61300,55844.20703,16025661
20-01-2020,62000,62800,61700,62400,56846.30078,12528855
21-01-2020,62000,62400,61200,61400,55935.30859,11142693
22-01-2020,60500,62600,60400,62300,56755.19922,15339565
23-01-2020,61800,61800,60700,60800,55388.71094,14916555
28-01-2020,59400,59400,58300,58800,53566.71094,23664541
29-01-2020,59100,59700,58800,59100,53840.00781,16446102
30-01-2020,58800,58800,56800,57200,52109.10547,20821939
31-01-2020,57800,58400,56400,56400,51380.31641,19749457
03-02-2020,55500,57400,55200,57200,52109.10547,23995260
04-02-2020,57100,59000,56800,58900,53657.80859,21800192
05-02-2020,60000,60200,58900,59500,54204.41406,19278165
06-02-2020,60100,61100,59700,61100,55662.01172,14727159
07-02-2020,61100,61200,59700,60400,55024.3125,16402493
10-02-2020,59200,59800,59100,59700,54386.60938,13107121
11-02-2020,59800,60700,59700,59900,54568.80469,11071231
12-02-2020,60300,60700,59700,60500,55115.40625,12904207
13-02-2020,61200,61600,60500,60700,55297.60938,18449775
14-02-2020,60900,61900,60200,61800,56299.70703,13276067
17-02-2020,61600,62000,61200,61500,56026.41016,8740596
18-02-2020,60800,60900,59700,59800,54477.71094,16674266
19-02-2020,59800,60400,59400,60200,54842.10547,12951496
20-02-2020,60700,61300,59600,60000,54659.91797,14591924
21-02-2020,58800,59800,58500,59200,53931.10547,13777393
24-02-2020,57400,58100,56800,56800,51744.71875,25627537
25-02-2020,56200,58000,56200,57900,52746.80859,23885408
26-02-2020,56000,57000,56000,56500,51471.41797,25483102
27-02-2020,56300,56900,55500,55900,50924.81641,23209541
28-02-2020,55000,55500,54200,54200,49376.11719,30054227
02-03-2020,54300,55500,53600,55000,50104.91406,30403412
03-03-2020,56700,56900,55100,55400,50469.32031,30330295
04-03-2020,54800,57600,54600,57400,52291.30469,24765728
05-03-2020,57600,58000,56700,57800,52655.70703,21698990
06-03-2020,56500,57200,56200,56500,51471.41797,18716656
09-03-2020,56500,56500,56500,56500,51471.41797,0
10-03-2020,53800,54900,53700,54600,49740.52344,32106554
11-03-2020,54300,54400,52000,52100,47463.02734,45707281
12-03-2020,52100,52100,52100,52100,47463.02734,0
13-03-2020,47450,51600,46850,49950,45504.375,59462933
16-03-2020,50100,50900,48800,48900,44547.82422,33339821
17-03-2020,46900,49650,46700,47300,43090.22656,51218151
18-03-2020,47750,48350,45600,45600,41541.53125,40152623
19-03-2020,46400,46650,42300,42950,39127.38672,56925513
20-03-2020,44150,45500,43550,45400,41359.33203,49730008
23-03-2020,42600,43550,42400,42500,38717.4375,41701626
24-03-2020,43850,46950,43050,46950,42771.37891,49801908
25-03-2020,48950,49600,47150,48650,44320.07422,52735922
26-03-2020,49000,49300,47700,47800,43545.72656,42185129
27-03-2020,49600,49700,46850,48300,44001.22656,39896178
30-03-2020,47050,48350,46550,47850,43913.12109,26797395
31-03-2020,48000,48500,47150,47750,43821.34375,30654261
01-04-2020,47450,47900,45800,45800,42031.78906,27259532
02-04-2020,46200,46850,45350,46800,42949.51563,21621076
03-04-2020,47400,47600,46550,47000,43133.05859,22784682
06-04-2020,47500,48800,47250,48700,44693.19141,23395726
07-04-2020,49650,50200,49000,49600,45519.14453,31524034
08-04-2020,49600,49750,48600,48600,44601.41406,25010314
09-04-2020,49750,49800,48700,49100,45060.28125,22628058
10-04-2020,48950,49250,48650,49250,45197.94531,17839111
13-04-2020,48650,48900,48300,48300,44326.09766,14431800
14-04-2020,48800,49200,48300,49000,44968.50781,14206216
16-04-2020,49350,49350,48550,49000,44968.50781,23349760
17-04-2020,50800,52000,50300,51400,47171.04688,32041675
20-04-2020,51400,51400,50000,50100,45978.00781,21866354
21-04-2020,49400,49700,48700,49250,45197.94531,27407543
22-04-2020,48700,50000,48350,49850,45748.57813,18613864
23-04-2020,50200,50300,49500,49850,45748.57813,18754442
24-04-2020,49650,49750,49000,49350,45289.71094,15618347
27-04-2020,49350,50000,49100,49850,45748.57813,14049471
28-04-2020,49850,50100,49300,50100,45978.00781,16095399
29-04-2020,49900,50500,49600,50000,45886.23047,15604533
04-05-2020,48900,49100,48500,48500,44509.64063,26083749
06-05-2020,49000,49200,48500,49200,45152.05078,18070225
07-05-2020,49200,49300,48700,48800,44784.95703,13884411
08-05-2020,49100,49350,48800,48800,44784.95703,15319700
11-05-2020,48900,49250,48300,48400,44417.875,16357743
12-05-2020,48400,48500,47550,47900,43959.01563,23433590
13-05-2020,47250,48550,47200,48550,44555.53125,20223277
14-05-2020,47750,48100,47650,48000,44050.78516,19305974
15-05-2020,48400,48450,47700,47850,43913.12109,18463118
18-05-2020,47950,49100,47600,48800,44784.95703,20481981
19-05-2020,50100,50500,49700,50300,46161.54688,25168295
20-05-2020,50000,50200,49800,50000,45886.23047,14896899
21-05-2020,50300,50400,49850,49950,45840.35156,14949266
22-05-2020,49600,49800,48600,48750,44739.07813,19706284
25-05-2020,48750,48900,48450,48850,44830.85156,14337913
26-05-2020,48700,49450,48600,49250,45197.94531,15127490
27-05-2020,48950,50000,48800,49900,45794.45313,19548479
28-05-2020,51100,51200,49900,50400,46253.32422,31309318
29-05-2020,50000,50700,49700,50700,46528.64063,27596961
01-06-2020,50800,51200,50600,51200,46987.50391,16949183
02-06-2020,51000,51500,50800,51400,47171.04688,14247933
03-06-2020,51800,55000,51700,54500,50015.98438,49257814
04-06-2020,55800,57000,54600,54600,50107.76953,40220334
05-06-2020,54400,55900,54000,55500,50933.71484,22743629
08-06-2020,56400,56500,54700,54900,50383.07813,25634965
09-06-2020,55800,56500,54400,55500,50933.71484,23998831
10-06-2020,55100,55900,54900,55400,50841.94922,16742493
11-06-2020,54500,55100,53200,54300,49832.45313,33815123
12-06-2020,52100,52800,51500,52300,47997,26976019
15-06-2020,51400,52000,49900,49900,45794.45313,28772921
16-06-2020,51200,52100,50600,52100,47813.46484,21808375
17-06-2020,52100,52900,51300,52200,47905.22266,26672595
18-06-2020,52200,52300,51600,52300,47997,15982926
19-06-2020,52600,52900,51600,52900,48547.63672,18157985
22-06-2020,52000,52600,51800,52000,47721.68359,13801350
23-06-2020,52500,52800,51100,51400,47171.04688,18086152
24-06-2020,51900,53900,51600,52900,48547.63672,24519552
25-06-2020,52100,53000,51900,51900,47629.91406,18541624
26-06-2020,52800,53900,52200,53300,48914.72266,21575360
29-06-2020,52500,53200,52000,52400,48410.29297,17776925
30-06-2020,53900,53900,52800,52800,48779.83203,21157172
01-07-2020,53400,53600,52400,52600,48595.0625,16706143
02-07-2020,52100,52900,52100,52900,48872.22266,14142583
03-07-2020,53000,53600,52700,53600,49518.92578,11887868
06-07-2020,54000,55000,53800,55000,50812.33203,19856623
07-07-2020,55800,55900,53400,53400,49334.14844,30760032
08-07-2020,53600,53900,52900,53000,48964.60938,19664652
09-07-2020,53200,53600,52800,52800,48779.83203,17054850
10-07-2020,53100,53200,52300,52700,48687.45313,13714746
13-07-2020,53300,53800,53100,53400,49334.14844,12240188
14-07-2020,53700,53800,53200,53800,49703.69531,14269484
15-07-2020,54400,55000,54300,54700,50535.17188,24051450
16-07-2020,54800,54800,53800,53800,49703.69531,16779127
17-07-2020,54200,54700,54100,54400,50258.00781,10096174
20-07-2020,54800,54800,54000,54200,50073.24609,10507530
21-07-2020,55200,55400,54800,55300,51089.48828,18297260
22-07-2020,55300,55500,54700,54700,50535.17188,12885057
23-07-2020,54700,54700,53800,54100,49980.86328,16214932
24-07-2020,54000,54400,53700,54200,50073.24609,10994535
27-07-2020,54300,55700,54300,55600,51366.64844,21054421
28-07-2020,57000,58800,56400,58600,54138.22656,48431566
29-07-2020,60300,60400,58600,59000,54507.76953,36476611
30-07-2020,59700,60100,59000,59000,54507.76953,19285354
31-07-2020,59500,59600,57700,57900,53491.53125,21943345
03-08-2020,57800,57900,56700,56800,52475.28125,21158940
04-08-2020,57200,58100,57000,57300,52937.20703,19419694
05-08-2020,57300,57500,56300,56900,52567.67188,17739706
06-08-2020,57100,58400,57100,58000,53583.91016,21625874
07-08-2020,57900,58400,57100,57500,53121.98047,18751717
10-08-2020,57600,58300,57500,57800,53399.13672,17774291
11-08-2020,58000,59500,57800,58200,53768.6875,24907912
12-08-2020,58200,59000,57700,59000,54507.76953,18573934
13-08-2020,59400,59600,58000,58700,54230.62109,22089460
14-08-2020,58000,58400,57700,58000,53583.91016,15672548
18-08-2020,58900,59900,58000,58400,53953.45703,25307825
19-08-2020,59000,59200,57800,57800,53399.13672,16930719
20-08-2020,57600,57600,55300,55400,51181.87891,30386029
21-08-2020,56200,56900,55800,55900,51643.80859,21142288
24-08-2020,55800,56600,55400,56100,51828.57422,15055896
25-08-2020,56400,56800,56100,56400,52105.73828,14021705
26-08-2020,56400,56500,55700,56400,52105.73828,17651593
27-08-2020,56300,56300,55600,55600,51366.64844,16196568
28-08-2020,56100,56300,55400,55400,51181.87891,14619888
31-08-2020,56000,56100,54000,54000,49888.46875,32671367
01-09-2020,54100,54800,54100,54200,50073.24609,19363117
02-09-2020,54600,55100,54100,54400,50258.00781,16905723
03-09-2020,55600,56700,55500,56400,52105.73828,28384920
04-09-2020,55200,55800,55100,55600,51366.64844,22139109
07-09-2020,56100,57300,55800,56500,52198.12891,18685880
08-09-2020,57400,58700,57200,58700,54230.62109,31517520
09-09-2020,58200,59300,57800,58400,53953.45703,30597399
10-09-2020,59900,60000,59100,59200,54692.54688,29923293
11-09-2020,59300,59400,58200,59000,54507.76953,16017098
14-09-2020,60200,60800,59900,60400,55801.18359,20648281
15-09-2020,60900,61000,60500,61000,56355.49609,17877075
16-09-2020,61100,61300,60600,61000,56355.49609,17041444
17-09-2020,60700,60800,59300,59500,54969.70703,25108356
18-09-2020,59800,59900,59100,59300,54784.93359,18884571
21-09-2020,59100,60000,59000,59200,54692.54688,15140387
22-09-2020,59100,59700,57800,58200,53768.6875,20830381
23-09-2020,58400,58800,57400,58600,54138.22656,20111398
24-09-2020,57700,58600,57600,57800,53399.13672,17564020
25-09-2020,57700,58200,57700,57900,53491.53125,11444683
28-09-2020,58300,58800,57900,58200,54099.44922,12614080
29-09-2020,58300,59000,58200,58200,54099.44922,15503563
05-10-2020,57500,59200,57500,58700,54564.22656,20228289
06-10-2020,59400,59900,58700,59000,54843.08203,14463826
07-10-2020,58700,59900,58500,59900,55679.67578,14861838
08-10-2020,60500,60700,59500,59700,55493.76563,24589924
12-10-2020,60000,60400,59900,60400,56144.45313,16145837
13-10-2020,61000,61400,60400,60900,56609.21875,19247631
14-10-2020,61000,61100,60500,60900,56609.21875,16086716
15-10-2020,60700,60800,59700,60000,55772.62891,17756232
16-10-2020,60000,60400,59000,59500,55307.85938,16554190
19-10-2020,59600,60200,59500,60000,55772.62891,14474985
20-10-2020,60300,60900,60100,60900,56609.21875,19326115
21-10-2020,61200,61500,60600,60900,56609.21875,15703443
22-10-2020,60300,60500,59800,60100,55865.58203,14294095
23-10-2020,60400,60400,59800,60200,55958.53906,9322232
26-10-2020,60400,61100,60100,60400,56144.45313,13268226
27-10-2020,60300,60300,59500,59800,55586.72266,17260416
28-10-2020,59400,59400,58800,59000,54843.08203,14428882
29-10-2020,58200,58500,57500,58100,54006.49609,22636966
30-10-2020,58000,58000,56600,56600,52612.17969,26907844
02-11-2020,56400,57500,56000,57400,53355.80859,20489076
03-11-2020,57900,58900,57600,58800,54657.17969,14950919
04-11-2020,58900,59000,57800,58500,54378.3125,21718561
05-11-2020,59000,60300,58800,60300,56051.49219,20639475
06-11-2020,60700,60800,59600,60100,55865.58203,16910230
09-11-2020,60700,60900,60100,60200,55958.53906,15892961
10-11-2020,60500,60500,59500,60200,55958.53906,19073552
11-11-2020,60700,61400,60400,61300,56981.03516,25628510
12-11-2020,61000,61400,60700,61000,56702.17188,19800573
13-11-2020,61300,63200,61000,63200,58747.16797,31508829
16-11-2020,64000,66700,63900,66300,61628.75,36354334
17-11-2020,67000,67000,65600,65700,61071.03125,30204089
18-11-2020,65700,66200,64700,64800,60234.44141,22963790
19-11-2020,64100,64800,63900,64600,60048.53516,16590290
20-11-2020,63900,65200,63900,64700,60141.48828,15068682
23-11-2020,64800,67800,64700,67500,62744.20313,27134398
24-11-2020,67900,69500,67000,67700,62930.10938,32158235
25-11-2020,67900,68300,66500,66600,61907.61719,32447065
26-11-2020,66100,68000,66000,68000,63208.98828,19023323
27-11-2020,68000,68400,67600,68200,63394.88281,14063434
30-11-2020,68400,68600,66700,66700,62000.57031,43811016
01-12-2020,67100,68300,67100,67800,63023.07422,22327173
02-12-2020,68400,69900,68300,69500,64603.29297,29703942
03-12-2020,70100,70500,69300,69700,64789.20703,23677989
04-12-2020,70400,72100,70100,71500,66462.39063,28130533
07-12-2020,72400,73500,71900,72900,67763.75,28490496
08-12-2020,72200,72900,71600,71700,66648.30469,25000338
09-12-2020,72100,73900,72000,73900,68693.28906,24077996
10-12-2020,72700,73800,72500,72900,67763.75,39882928
11-12-2020,73500,73800,73100,73400,68228.52344,18486672
14-12-2020,73600,74500,73200,73800,68600.33594,21510415
15-12-2020,73800,74100,73300,73800,68600.33594,20863671
16-12-2020,74100,74500,73400,73800,68600.33594,17512081
17-12-2020,73400,73700,72600,73300,68135.55469,24293214
18-12-2020,73300,73700,73000,73000,67856.70313,17613029
21-12-2020,73100,73400,72000,73000,67856.70313,20367355
22-12-2020,72500,73200,72100,72300,67206.01563,16304910
23-12-2020,72400,74000,72300,73900,68693.28906,19411326
24-12-2020,74100,78800,74000,77800,72318.5,32502870
28-12-2020,79000,80100,78200,78700,73155.09375,40085044
29-12-2020,78800,78900,77300,78300,74615.00781,30339449
30-12-2020,77400,81300,77300,81000,77187.92188,29417421
04-01-2021,81000,84400,80200,83000,79093.8125,38655276
05-01-2021,81600,83900,81600,83900,79951.44531,35335669
06-01-2021,83300,84500,82100,82200,78331.45313,42089013
07-01-2021,82800,84200,82700,82900,78998.50781,32644642
08-01-2021,83300,90000,83000,88800,84620.84375,59013307
11-01-2021,90000,96800,89500,91000,86717.30469,90306177
12-01-2021,90300,91400,87800,90600,86336.13281,48682416
13-01-2021,89800,91200,89100,89700,85478.49219,36068848
14-01-2021,88700,90000,88700,89700,85478.49219,26393970
15-01-2021,89800,91800,88000,88000,83858.5,33431809
18-01-2021,86600,87300,84100,85000,80999.6875,43227951
19-01-2021,84500,88000,83600,87000,82905.54688,39895044
20-01-2021,89000,89000,86500,87200,83096.14063,25211127
21-01-2021,87500,88600,86500,88100,83953.78125,25318011
22-01-2021,89000,89700,86800,86800,82714.96875,30861661
25-01-2021,87000,89900,86300,89400,85192.60938,27258534
26-01-2021,88800,89200,86500,86700,82619.67969,33178936
27-01-2021,86600,87700,85600,85600,81571.44531,26423070
28-01-2021,83200,85600,83200,83700,79760.85938,31859808
29-01-2021,84500,85000,82000,82000,78140.85938,39615978
01-02-2021,81700,83400,81000,83000,79093.8125,28046832
02-02-2021,84100,86400,83700,84400,80427.91406,26302077
03-02-2021,84800,85400,83400,84600,80618.50781,22112205
04-02-2021,83500,83800,82100,82500,78617.33594,24171688
05-02-2021,83100,84000,82500,83500,79570.27344,18036835
08-02-2021,83800,84200,83000,83000,79093.8125,15338765
09-02-2021,84000,84800,82700,82700,78807.92188,20898332
10-02-2021,82600,82600,81600,81600,77759.6875,23025766
15-02-2021,83800,84500,83300,84200,80237.32813,23529706
16-02-2021,84500,86000,84200,84900,80904.38281,20483100
17-02-2021,83900,84200,83000,83200,79284.38281,18307735
18-02-2021,83200,83600,82100,82100,78236.16406,21327683
19-02-2021,82300,82800,81000,82600,78712.63281,25880879
22-02-2021,83800,84200,82200,82200,78331.45313,25419886
23-02-2021,81200,82900,81100,82000,78140.85938,20587314
24-02-2021,81800,83600,81300,82000,78140.85938,26807651
25-02-2021,84000,85400,83000,85300,81285.55469,34155986
26-02-2021,82800,83400,82000,82500,78617.33594,38520800
02-03-2021,85100,85300,83000,83600,79665.57031,33498180
03-03-2021,83500,84000,82800,84000,80046.74219,19882132
04-03-2021,82600,83200,82200,82400,78522.04688,24348331
05-03-2021,81100,82600,81100,82100,78236.16406,20508971
08-03-2021,82900,83000,81600,82000,78140.85938,17641256
09-03-2021,81400,81900,80600,81400,77569.10938,25420764
10-03-2021,82400,82500,80700,80900,77092.64063,20038422
11-03-2021,81000,82500,81000,82000,78140.85938,23818297
12-03-2021,83100,83500,82400,82800,78903.22656,13530573
15-03-2021,82800,82900,81800,81800,77950.28125,13735798
16-03-2021,82200,83000,82100,82800,78903.22656,12293537
17-03-2021,82800,82900,82000,82300,78426.75,11625146
18-03-2021,82800,83800,82600,82900,78998.50781,18585244
19-03-2021,82100,82500,81800,81900,78045.57813,15869700
22-03-2021,82000,82300,81700,82000,78140.85938,12670506
23-03-2021,82600,82900,81800,81800,77950.28125,13299907
24-03-2021,81000,81600,80700,81000,77187.92188,17926638
25-03-2021,81000,82100,80800,81200,77378.53125,14758826
26-03-2021,81400,81600,81000,81500,77664.40625,12845778
29-03-2021,81700,81700,81000,81600,77759.6875,14952134
30-03-2021,81600,82300,81300,82200,78679.53125,13121698
31-03-2021,82400,82700,81400,81400,77913.80469,17240518
01-04-2021,82500,83000,82000,82900,79349.55469,18676461
02-04-2021,84000,85200,83900,84800,81168.1875,22997538
05-04-2021,85800,86000,84800,85400,81742.49219,16255990
06-04-2021,86200,86200,85100,86000,82316.79688,19042023
07-04-2021,86100,86200,85400,85600,81933.92188,17885538
08-04-2021,85700,85700,84100,84700,81072.47656,19244259
09-04-2021,84700,84900,83400,83600,80019.58594,18193707
12-04-2021,84100,84100,83100,83200,79636.70313,12915282
13-04-2021,83000,84500,82800,84000,80402.44531,15238206
14-04-2021,84000,84300,83400,84000,80402.44531,13794652
15-04-2021,83700,84500,83400,84100,80498.17188,16377412
16-04-2021,84700,84700,83600,83900,80306.72656,15429522
19-04-2021,83800,84000,83300,83300,79732.42188,15287311
20-04-2021,83300,84000,83100,83900,80306.72656,15521965
21-04-2021,83300,83500,82500,82600,79062.41406,21636079
22-04-2021,82900,83000,82400,82400,78870.97656,13934746
23-04-2021,81900,82900,81600,82800,79253.83594,17805080
26-04-2021,82900,83500,82600,83500,79923.86719,15489938
27-04-2021,83200,83300,82500,82900,79349.55469,12941533
28-04-2021,83200,83200,82100,82100,78583.82031,15596759
29-04-2021,82400,82500,81500,81700,78200.94531,20000973
30-04-2021,81900,82100,81500,81500,78009.52344,18673197
03-05-2021,81000,82400,81000,81700,78200.94531,15710336
04-05-2021,81900,82600,81800,82600,79062.41406,12532550
06-05-2021,81700,82300,81700,82300,78775.25,17047511
07-05-2021,81800,82100,81500,81900,78392.39063,14154882
10-05-2021,82300,83500,81800,83200,79636.70313,19385027
11-05-2021,82500,82600,81100,81200,77722.375,28996680
12-05-2021,80800,81200,79800,80000,76573.75,35812268
13-05-2021,78900,79600,78400,78500,75138,31490096
14-05-2021,79000,80300,78900,80100,76669.48438,16450920
17-05-2021,80800,80900,79200,79600,76190.89063,17740855
18-05-2021,79600,80000,79100,79600,76190.89063,17494407
20-05-2021,79400,79700,79100,79500,76095.17188,16541828
21-05-2021,80100,81500,79800,80100,76669.48438,20961714
24-05-2021,80100,80400,79500,79700,76286.60938,13398666
25-05-2021,80000,80400,79800,79900,76478.03906,13628942
26-05-2021,80400,80500,79700,79800,76382.32031,11984359
27-05-2021,80000,80000,79100,79600,76190.89063,23198510
28-05-2021,79800,80400,79400,80100,76669.48438,12360199
31-05-2021,80300,80600,79600,80500,77052.35156,13321324
01-06-2021,80500,81300,80100,80600,77148.05469,14058401
02-06-2021,80400,81400,80300,80800,77339.5,16414644
03-06-2021,81300,83000,81100,82800,79253.83594,29546007
04-06-2021,82700,82700,81500,82200,78679.53125,18112259
07-06-2021,82700,82800,81600,81900,78392.39063,16496197
08-06-2021,82300,82600,81800,81900,78392.39063,12781226
09-06-2021,81500,82000,81100,81100,77626.64844,14908823
10-06-2021,81300,81400,80900,81000,77530.92188,17586995
11-06-2021,81200,81700,80700,81000,77530.92188,14087962
14-06-2021,80800,80900,80500,80500,77052.35156,10550078
15-06-2021,80900,81200,80600,80900,77435.21875,10075685
16-06-2021,81500,81900,81100,81800,78296.67188,14999855
17-06-2021,81100,81300,80700,80900,77435.21875,14007385
18-06-2021,81100,81100,80500,80500,77052.35156,14916721
21-06-2021,79700,80000,79600,79900,76478.03906,16063340
22-06-2021,80200,80300,79900,80000,76573.75,11773365
23-06-2021,80500,80600,79900,80100,76669.48438,13856548
24-06-2021,80400,81400,80100,81200,77722.375,18771080
25-06-2021,81500,81900,81200,81600,78105.23438,13481405
28-06-2021,81700,82000,81600,81900,78392.39063,11578529
29-06-2021,81900,82100,80800,81000,77874.17969,15744317
30-06-2021,81100,81400,80700,80700,77585.76563,13288643
01-07-2021,80500,80600,80000,80100,77008.92188,13382882
02-07-2021,80000,80400,79900,80000,76912.76563,8753097
05-07-2021,80100,80800,80000,80400,77297.33594,8330969
06-07-2021,80600,81200,80500,81200,78066.48438,12131651
07-07-2021,81200,81300,80300,80800,77681.89844,15992202
08-07-2021,81100,81200,79900,79900,76816.64063,16660998
09-07-2021,79600,79800,79000,79400,76335.9375,22720577
12-07-2021,79900,80000,79500,79700,76624.35938,9768108
13-07-2021,80000,80200,79800,79800,76720.49219,9863450
14-07-2021,79400,79600,79100,79500,76432.07813,11575636
15-07-2021,79800,80600,79500,80600,77489.61719,13766279
16-07-2021,80100,80100,79500,79800,76720.49219,10859399
19-07-2021,79100,79200,78800,79000,75951.375,13155414
20-07-2021,78500,79000,78400,79000,75951.375,12456646
21-07-2021,79000,79100,78500,78500,75470.66406,12355296
22-07-2021,79000,79800,78900,79700,76624.35938,12618790
23-07-2021,79700,79900,79200,79300,76239.78906,9098910
26-07-2021,79400,79500,78800,78800,75759.07031,10040975
27-07-2021,79200,79400,78500,78500,75470.66406,11427693
28-07-2021,78300,79200,78100,79200,76143.65625,12743417
29-07-2021,78800,79400,78800,79000,75951.375,14360453
30-07-2021,78900,78900,78500,78500,75470.66406,13823411
02-08-2021,79200,79500,78700,79300,76239.78906,11739124
03-08-2021,79400,81400,79300,81400,78258.75781,24339360
04-08-2021,82200,83100,81800,82900,79700.85156,25642368
05-08-2021,83300,83300,82000,82100,78931.74219,18485469
06-08-2021,81900,82500,81300,81500,78354.89844,13342623
09-08-2021,81500,82300,80900,81500,78354.89844,15522581
10-08-2021,82300,82400,80100,80200,77105.05469,20362639
11-08-2021,79600,79800,78500,78500,75470.66406,30241137
12-08-2021,77100,78200,76900,77000,74028.55469,42365223
13-08-2021,75800,76000,74100,74400,71528.875,61270643
17-08-2021,74000,75100,74000,74200,71336.60156,30944847
18-08-2021,73900,74600,73100,73900,71048.17188,29192631
19-08-2021,73500,74400,73100,73100,70279.05469,22166298
20-08-2021,73500,73900,72500,72700,69894.49219,22364803
23-08-2021,73300,74000,73000,73300,70471.32813,19384648
24-08-2021,73900,75700,73900,75600,72682.58594,21016913
25-08-2021,76200,76600,74900,75700,72778.71094,22319664
26-08-2021,76100,76200,74600,74600,71721.17188,16671494
27-08-2021,74300,75000,73800,74300,71432.73438,15172748
30-08-2021,75400,75500,74200,74600,71721.17188,12686999
31-08-2021,74900,76700,74300,76700,73740.13281,24630370
01-09-2021,76700,77100,75900,76800,73836.28125,16114775
02-09-2021,76800,76800,75700,76000,73067.14844,15347486
03-09-2021,76400,76700,76000,76600,73643.98438,12096419
06-09-2021,76800,77600,76600,77300,74316.97656,12861180
07-09-2021,77100,77100,75900,76100,73163.27344,13239401
08-09-2021,76000,76400,75600,76300,73355.55469,11798147
09-09-2021,76400,76600,75000,75300,72394.14844,17600770
10-09-2021,75300,75600,74800,75300,72394.14844,10103212
13-09-2021,75200,76300,75100,76300,73355.55469,11397775
14-09-2021,77100,77700,76600,76600,73643.98438,18167057
15-09-2021,77400,77400,76400,77000,74028.55469,12829128
16-09-2021,77300,77400,76100,76100,73163.27344,13067622
17-09-2021,76300,77200,75900,77200,74220.83594,16289502
23-09-2021,77500,77600,76800,77400,74413.10938,17055590
24-09-2021,77600,77700,77100,77300,74316.97656,12247274
27-09-2021,77300,77700,77000,77700,74701.53125,11699798
28-09-2021,77700,77800,76200,76300,73355.55469,15406382
29-09-2021,74800,75300,73800,74100,71579.11719,23992458
30-09-2021,74300,74800,73700,74100,71579.11719,19919361
01-10-2021,73900,74000,72900,73200,70709.74219,15803395
05-10-2021,73000,73000,71400,72200,69743.75,24013921
06-10-2021,72600,72800,71200,71300,68874.38281,18956962
07-10-2021,71600,72100,71300,71600,69164.17188,13683532
08-10-2021,72300,72400,71500,71500,69067.57813,14043287
12-10-2021,70700,70900,68700,69000,66652.63281,31001484
13-10-2021,68700,69600,68300,68800,66459.42188,24172015
14-10-2021,69000,69800,68800,69400,67039.01563,19520641
15-10-2021,70200,71000,70000,70100,67715.21094,18051612
18-10-2021,70200,70300,69200,70200,67811.80469,13486391
19-10-2021,70800,71000,70400,70600,68198.19531,9507991
20-10-2021,70700,71000,70200,70300,67908.40625,10151638
21-10-2021,70300,70600,70000,70200,67811.80469,10891094
22-10-2021,70000,70700,70000,70400,68005,8395448
25-10-2021,69900,70600,69500,70200,67811.80469,10029621
26-10-2021,70600,71500,70400,71100,68681.1875,10528252
27-10-2021,71000,71000,70000,70100,67715.21094,10295316
28-10-2021,69500,72200,69500,70700,68294.78906,20644902
29-10-2021,71200,71600,69700,69800,67425.40625,17016151
01-11-2021,70200,70600,69900,69900,67522,11503729
02-11-2021,70800,72200,70700,71500,69067.57813,16812570
03-11-2021,71700,71700,70100,70400,68005,12770428
04-11-2021,71200,71600,70500,70600,68198.19531,11818987
05-11-2021,71600,71600,70200,70200,67811.80469,12667743
08-11-2021,70400,70600,69800,70600,68198.19531,11121981
09-11-2021,70300,71000,70100,70500,68101.59375,11159589
10-11-2021,70300,70900,70200,70200,67811.80469,9422009
11-11-2021,69900,70000,69600,69900,67522,11489122
12-11-2021,70200,70900,69900,70600,68198.19531,10087450
15-11-2021,71700,71900,70900,71400,68970.96875,12420710
16-11-2021,71500,72000,71300,71300,68874.38281,10919239
17-11-2021,71300,71600,70600,70700,68294.78906,11027606
18-11-2021,70700,71000,70200,70200,67811.80469,10144957
19-11-2021,70400,71400,70100,71200,68777.78125,11954728
22-11-2021,73300,75200,73000,74900,72351.91406,27506623
23-11-2021,76000,76000,74500,75300,72738.30469,22029195
24-11-2021,76000,76200,74100,74800,72255.3125,15652305
25-11-2021,75100,75100,73600,73700,71192.73438,12559258
26-11-2021,73500,74100,72000,72300,69840.35156,13002242
29-11-2021,71700,73000,71400,72300,69840.35156,16682559
30-11-2021,73200,73900,70500,71300,68874.38281,30364841
01-12-2021,72000,74800,71600,74400,71868.91406,21954856
02-12-2021,73900,75800,73800,75800,73221.28906,23652940
03-12-2021,75600,76000,74100,75600,73028.10156,18330240
06-12-2021,75100,76700,74900,76300,73704.27344,16391250
07-12-2021,76100,77700,75600,77400,74766.85156,19232453
08-12-2021,78300,78600,77100,77400,74766.85156,21558340
09-12-2021,77400,78200,77000,78200,75539.64063,21604528
10-12-2021,77400,77600,76800,76900,74283.85938,9155219
13-12-2021,77200,78300,76500,76800,74187.27344,15038750
14-12-2021,76500,77200,76200,77000,74380.46094,10976660
15-12-2021,76400,77600,76300,77600,74960.04688,9584939
16-12-2021,78500,78500,77400,77800,75153.25,11996128
17-12-2021,76800,78000,76800,78000,75346.45313,13108479
20-12-2021,77600,77800,76800,77100,74477.07031,11264375
21-12-2021,77900,78300,77500,78100,75443.03906,14245298
22-12-2021,78900,79400,78800,79400,76698.82031,17105892
23-12-2021,79800,80000,79300,79900,77181.80469,13577498
24-12-2021,80200,80800,80200,80500,77761.39063,12086380
27-12-2021,80600,80600,79800,80200,77471.60938,10783368
28-12-2021,80200,80400,79700,80300,77568.20313,18226325
29-12-2021,80200,80200,78500,78800,76462.96875,19794795
30-12-2021,78900,79500,78100,78300,75977.8125,14236700
04-01-2022,78800,79200,78300,78700,76365.9375,12427416
05-01-2022,78800,79000,76400,77400,75104.49219,25470640
06-01-2022,76700,77600,76600,76900,74619.32031,12931954
07-01-2022,78100,78400,77400,78300,75977.8125,15163757
10-01-2022,78100,78100,77100,78000,75686.71094,9947422
11-01-2022,78400,79000,78000,78900,76560.00781,13221123
12-01-2022,79500,79600,78600,78900,76560.00781,11000502
13-01-2022,79300,79300,77900,77900,75589.67188,13889401
14-01-2022,77700,78100,77100,77300,75007.46875,10096725
17-01-2022,77600,77800,76900,77500,75201.53125,8785122
18-01-2022,77600,77800,76600,77000,74716.35938,9592788
19-01-2022,76500,76900,76100,76300,74037.11719,10598290
20-01-2022,76200,76700,75900,76500,74231.1875,9708168
21-01-2022,75800,75800,74700,75600,73357.89063,15774888
24-01-2022,75400,75800,74700,75100,72872.71875,13691134
25-01-2022,74800,75000,73200,74000,71805.32813,17766704
26-01-2022,74000,74000,74000,74000,71805.32813,0
27-01-2022,73800,74000,71300,71300,69185.42188,22274777
28-01-2022,71300,73700,71200,73300,71126.08594,21367447
03-02-2022,74900,74900,73300,73300,71126.08594,17744721
04-02-2022,74300,74600,73400,74000,71805.32813,12730034
07-02-2022,73500,73600,72400,73000,70835,14240838
08-02-2022,73000,73000,73000,73000,70835,0
09-02-2022,73000,73000,73000,73000,70835,0
10-02-2022,75600,75800,74700,75400,73163.82031,17746033
11-02-2022,75000,75500,74600,74900,72678.64844,12205407
14-02-2022,74400,74500,73100,73700,71514.23438,13993255
15-02-2022,74100,74200,73100,73700,71514.23438,9320365
16-02-2022,74600,74900,74200,74800,72581.60938,10767386
17-02-2022,75000,75600,74500,75000,72775.67188,13605382
18-02-2022,74600,74800,73700,74300,72096.42969,10122226
21-02-2022,74300,74300,74300,74300,72096.42969,0
22-02-2022,74300,74300,74300,74300,72096.42969,0
23-02-2022,74300,74300,74300,74300,72096.42969,0
24-02-2022,72300,72300,71300,71500,69379.48438,15759283
25-02-2022,72100,72600,71900,71900,69767.60938,13168484
28-02-2022,71900,71900,71900,71900,69767.60938,0
02-03-2022,72300,72400,71500,71700,69573.54688,12481430
03-03-2022,72300,73100,72200,72900,70737.95313,13232638
04-03-2022,72900,72900,72900,72900,70737.95313,0
07-03-2022,70000,70600,69900,70100,68021.00781,18617138
08-03-2022,68800,70000,68700,69500,67438.78906,15828269
10-03-2022,69500,69500,69500,69500,67438.78906,0
11-03-2022,70500,70700,69700,70000,67923.96875,15787655
14-03-2022,70000,70200,69600,70200,68118.03125,9040993
15-03-2022,70200,70200,70200,70200,68118.03125,0
16-03-2022,70200,70500,69700,70400,68312.10938,10175750
17-03-2022,70400,70400,70400,70400,68312.10938,0
18-03-2022,70600,70900,70200,70700,68603.20313,14410038
21-03-2022,70900,71000,69900,69900,67826.92188,11169002
22-03-2022,69900,70500,69900,70300,68215.07031,9402666
23-03-2022,70600,71200,70300,70500,68409.13281,12398025
24-03-2022,69600,70300,69600,69800,67729.89844,37943357
25-03-2022,70100,70200,69600,69800,67729.89844,12986010
28-03-2022,69500,69900,69200,69700,67632.85938,12619289
29-03-2022,70000,70300,69800,70200,68118.03125,13686208
30-03-2022,70300,70500,69800,69900,68177.53125,12670187
31-03-2022,69900,70200,69600,69600,67884.91406,12510366
01-04-2022,69500,69500,69000,69100,67397.23438,15916846
04-04-2022,68900,69300,68600,69300,67592.3125,11107905
05-04-2022,69400,69600,69100,69200,67494.78125,8467248
06-04-2022,68600,68800,68500,68500,66812.03125,15517308
07-04-2022,68500,68500,68000,68000,66324.34375,20683327
08-04-2022,68100,68300,67700,67800,66129.27344,15453191
11-04-2022,67800,68100,67400,67900,66226.82031,12263735
12-04-2022,67600,67700,67000,67000,65348.98828,13924389
13-04-2022,67300,69000,67200,68700,67007.10156,17378619
14-04-2022,68700,68700,67500,67500,65836.67188,16409494
15-04-2022,67200,67300,66500,66600,64958.85547,13176415
18-04-2022,66500,67100,66100,66700,65056.37891,10119203
19-04-2022,67100,68000,67000,67300,65641.60156,12959434
20-04-2022,67000,67400,66500,67400,65739.14063,16693293
21-04-2022,67600,68300,67500,67700,66031.74219,12847448
22-04-2022,67200,67300,66700,67000,65348.98828,11791478
25-04-2022,66500,66700,66300,66300,64666.23438,11016474
26-04-2022,66400,66700,66100,66100,64471.16406,12946923
27-04-2022,65400,65500,64900,65000,63398.27734,18122084
28-04-2022,65400,65500,64500,64800,63203.20703,16895527
29-04-2022,65100,67600,65000,67400,65739.14063,26190390
02-05-2022,66600,67600,66500,67300,65641.60156,14106184
03-05-2022,67400,68400,67300,67500,65836.67188,14168875
04-05-2022,68000,68400,67500,67900,66226.82031,11505248
06-05-2022,67000,67100,66500,66500,64861.30859,14356156
10-05-2022,65900,66300,65300,65700,64081.02734,17235605
11-05-2022,65500,66300,65200,65700,64081.02734,12330920
12-05-2022,65200,65500,64900,64900,63300.74219,16414188
13-05-2022,65300,66700,65200,66500,64861.30859,14551536
16-05-2022,67100,67400,66100,66300,64666.23438,11937555
17-05-2022,66600,67900,66600,67600,65934.20313,15680447
18-05-2022,68300,68700,67600,68100,66421.88281,16486319
19-05-2022,66500,67600,66500,67500,65836.67188,17073727
20-05-2022,67800,68400,67700,68000,66324.34375,12109671
23-05-2022,68800,68800,67600,67900,66226.82031,13684088
24-05-2022,67500,67700,66500,66500,64861.30859,15482576
25-05-2022,66700,67100,65900,66400,64763.77734,15150490
26-05-2022,66300,67200,65500,65900,64276.09766,15970890
27-05-2022,66700,66900,66200,66500,64861.30859,11405555
30-05-2022,67500,67800,66900,67700,66031.74219,14255484
31-05-2022,67500,67500,66700,67400,65739.14063,24365002
02-06-2022,66600,67000,66400,66700,65056.37891,14959443
03-06-2022,67200,67300,66800,66800,65153.92188,8222883
07-06-2022,66200,66400,65400,65500,63885.95313,19355755
08-06-2022,65400,65700,65300,65300,63690.87891,12483180
09-06-2022,65100,65200,64500,65200,63593.34375,25790725
10-06-2022,64000,64400,63800,63800,62227.84375,22193552
13-06-2022,62400,62800,62100,62100,60569.73438,22157816
14-06-2022,61200,62200,61100,61900,60374.66406,24606419
15-06-2022,61300,61500,60200,60700,59204.23438,26811224
16-06-2022,61300,61800,60500,60900,59399.30859,23394895
17-06-2022,59400,59900,59400,59800,58326.41406,29053450
20-06-2022,59800,59900,58100,58700,57253.51953,34111306
21-06-2022,58700,59200,58200,58500,57058.44531,25148109
22-06-2022,59000,59100,57600,57600,56180.62109,23334687
23-06-2022,57700,58000,56800,57400,55985.55469,28338608
24-06-2022,57900,59100,57700,58400,56960.91406,23256103
27-06-2022,59000,59900,58300,58800,57351.05859,18122236
28-06-2022,59200,59500,58700,59400,57936.26953,13540538
29-06-2022,58500,58800,58000,58000,56916.67969,14677138
30-06-2022,57200,57600,57000,57000,55935.35938,18915142
01-07-2022,56900,57500,55900,56200,55150.29688,24982097
04-07-2022,56100,57400,55700,57100,56033.48828,17807126
05-07-2022,57600,58200,57200,57200,56131.625,14216539
06-07-2022,57300,57300,56400,56400,55346.5625,16820461
07-07-2022,56400,58700,56300,58200,57112.94141,21322833
08-07-2022,58600,59300,58200,58700,57603.60156,15339271
11-07-2022,59300,59600,58700,58800,57701.73828,13042624
12-07-2022,58600,58700,58100,58100,57014.80859,9336061
13-07-2022,58300,58600,58000,58000,56916.67969,10841315
14-07-2022,57500,58200,57400,57500,56426.01563,15067012
15-07-2022,58400,60000,58100,60000,58879.32031,18685583
18-07-2022,60600,62000,60500,61900,60743.83594,20832517
19-07-2022,61400,61500,60200,60900,59762.51172,15248261
20-07-2022,61800,62100,60500,60500,59369.98047,16782238
21-07-2022,61100,61900,60700,61800,60645.70313,12291374
22-07-2022,61800,62200,61200,61300,60155.03906,10261310
25-07-2022,60900,61900,60800,61100,59958.77734,9193681
26-07-2022,60800,61900,60800,61700,60547.57031,6597211
27-07-2022,61300,61900,61200,61800,60645.70313,7320997
28-07-2022,62300,62600,61600,61900,60743.83594,10745302
29-07-2022,62400,62600,61300,61400,60253.17578,15093120
01-08-2022,61000,61700,60300,61300,60155.03906,13154816
02-08-2022,61200,61900,61000,61700,60547.57031,13614895
03-08-2022,61600,61600,61000,61300,60155.03906,10053861
04-08-2022,61700,61800,61200,61500,60351.30469,9125439
05-08-2022,61700,61900,61200,61500,60351.30469,9567620
08-08-2022,61400,61400,60600,60800,59664.375,11313150
09-08-2022,60600,60700,59600,60000,58879.32031,18251170
10-08-2022,58900,59200,58600,59100,57996.13281,18084349
11-08-2022,59600,60000,59300,59900,58781.19141,15141941
12-08-2022,59500,60700,59400,60200,59075.58594,10786658
16-08-2022,60500,61600,60300,61000,59860.64063,15036727
17-08-2022,61100,61200,60300,60400,59271.85156,9061518
18-08-2022,60300,61900,60000,61500,60351.30469,16372754
19-08-2022,61400,61600,60600,60900,59762.51172,6923679
22-08-2022,60300,60400,59800,60000,58879.32031,8259865
23-08-2022,59000,59600,59000,59100,57996.13281,9041629
24-08-2022,59200,59500,59000,59000,57898,8888486
25-08-2022,59200,59700,59000,59700,58584.92578,5767902
26-08-2022,60300,60900,59900,60000,58879.32031,9499995
29-08-2022,58700,58900,58600,58600,57505.47266,9841329
30-08-2022,58700,59000,58300,58800,57701.73828,9690044
31-08-2022,58200,59900,58200,59700,58584.92578,14203512
01-09-2022,58700,58900,58300,58400,57309.20703,14905777
02-09-2022,58300,58600,57500,57500,56426.01563,15040310
05-09-2022,57400,57800,56800,57100,56033.48828,11425977
06-09-2022,57200,57600,56900,57100,56033.48828,7503086
07-09-2022,56700,56700,55900,56000,54954.03125,17384854
08-09-2022,56200,56400,55600,55600,54561.50391,18000016
13-09-2022,57000,58500,56800,58100,57014.80859,17166581
14-09-2022,56200,57200,56100,56800,55739.09375,12524961
15-09-2022,57000,57100,56000,56000,54954.03125,11664819
16-09-2022,55600,56400,55500,56200,55150.29688,13456503
19-09-2022,56300,57000,56000,56400,55346.5625,12278653
20-09-2022,56400,57000,55800,55800,54757.76563,14041465
21-09-2022,55400,55500,55000,55300,54267.10938,11863700
22-09-2022,54600,54700,54300,54400,53383.91797,12786510
23-09-2022,54400,54900,54200,54500,53482.05078,10555964
26-09-2022,53700,54200,53600,53900,52893.25781,15008449
27-09-2022,53800,54200,53500,54200,53187.65234,16631289
28-09-2022,53900,54400,52500,52900,51911.93359,19991129
29-09-2022,53300,53700,52600,52600,51972.20703,13882080
30-09-2022,52300,53600,51800,53100,52466.23828,22503249
04-10-2022,55300,55400,54500,55200,54541.17578,19148435
05-10-2022,56900,57200,55400,56000,55331.625,22458970
06-10-2022,56700,57300,56300,56300,55628.04688,14944446
07-10-2022,55900,56900,55200,56200,55529.23828,16886813
11-10-2022,54400,55700,54000,55400,54738.78906,21437877
12-10-2022,55700,57000,55200,55800,55134.01172,18408910
13-10-2022,55400,56100,55200,55200,54541.17578,13784602
14-10-2022,56200,56500,55800,56300,55628.04688,12924326
17-10-2022,55800,57000,55700,56600,55924.46484,13641878
18-10-2022,56700,57100,55800,56500,55825.66016,14820702
19-10-2022,56700,56900,55700,55800,55134.01172,12660652
20-10-2022,55200,56000,55100,55500,54837.59766,17107653
21-10-2022,55100,56300,55100,55900,55232.82031,11456060
24-10-2022,57000,57500,56700,57500,56813.72266,16944503
25-10-2022,57000,58600,57000,57700,57011.33594,17405678
26-10-2022,58000,59600,57700,59400,58691.04688,20824967
27-10-2022,59700,60100,58900,59500,58789.85547,21756712
28-10-2022,58900,59200,57200,57300,56616.10938,20924937
31-10-2022,58100,59900,58000,59400,58691.04688,18999514
01-11-2022,59900,60300,59500,60000,59283.88672,17201647
02-11-2022,59700,60000,59300,59600,58888.66016,13202919
03-11-2022,58600,59800,58100,59200,58493.43359,17492162
04-11-2022,59100,59500,58400,59400,58691.04688,12445841
07-11-2022,59700,60300,59400,60200,59481.5,12437246
08-11-2022,60500,61900,60500,61800,61062.40625,18273898
09-11-2022,62000,62200,61300,62000,61260.01563,14045592
10-11-2022,61400,61500,60400,60400,59679.11328,21087633
11-11-2022,63100,63200,62300,62900,62149.27344,20037163
14-11-2022,62900,62900,61700,61900,61161.21094,15973416
15-11-2022,62200,62500,61600,62400,61655.24219,12310986
16-11-2022,62400,62700,61700,62700,61951.66016,12909260
17-11-2022,62000,62000,61300,61400,60667.17969,13298296
18-11-2022,61800,62400,61400,61800,61062.40625,12236503
21-11-2022,61400,61800,60800,61400,60667.17969,9378097
22-11-2022,60900,61200,60300,60600,59876.72266,9411289
23-11-2022,61200,61300,60700,61000,60271.94922,8765050
24-11-2022,61200,61700,60900,61400,60667.17969,8125010
25-11-2022,61400,61700,60800,61000,60271.94922,6677933
28-11-2022,60500,60500,59800,60100,59382.69531,8589032
29-11-2022,59900,60600,59800,60600,59876.72266,7014160
30-11-2022,60400,62200,60200,62200,61457.62891,19768903
01-12-2022,63100,63200,62300,62600,61852.85547,16631445
02-12-2022,62500,62500,60400,60400,59679.11328,15331184
05-12-2022,60900,61100,60000,60300,59580.30859,13767787
06-12-2022,59800,60100,59200,59200,58493.43359,13888300
07-12-2022,58800,59600,58500,58900,58197.01172,12100662
08-12-2022,58700,59200,58600,59200,58493.43359,12986815
09-12-2022,59300,60600,59300,60400,59679.11328,10529632
12-12-2022,59900,60000,59400,59500,58789.85547,9036472
13-12-2022,59600,60300,59400,59700,58987.46875,9040873
14-12-2022,59800,60600,59800,60500,59777.91797,8207485
15-12-2022,59800,60200,59300,59300,58592.24219,8716039
16-12-2022,58300,59500,58300,59500,58789.85547,13033596
19-12-2022,59500,59900,59100,59500,58789.85547,7696187
20-12-2022,59000,59100,58500,58600,57900.59766,9284761
21-12-2022,58700,59100,58000,58000,57307.75781,10356971
22-12-2022,58100,59100,58100,59100,58394.62891,10720630
23-12-2022,58200,58400,57700,58100,57406.5625,9829407
26-12-2022,58000,58100,57700,57900,57208.94922,6756411
27-12-2022,58000,58400,57900,58100,57406.5625,10667027
28-12-2022,57600,57600,56400,56600,56274.12109,14665410
29-12-2022,56000,56200,55300,55300,54981.60547,11295935
02-01-2023,55500,56100,55200,55500,55180.45313,10031448
03-01-2023,55400,56000,54500,55400,55081.03125,13547030
04-01-2023,55700,58000,55600,57800,57467.21094,20188071
05-01-2023,58200,58800,57600,58200,57864.91016,15682826
06-01-2023,58300,59400,57900,59000,58660.30469,17334989
09-01-2023,59700,60700,59600,60700,60350.51563,18640107
10-01-2023,60200,61100,59900,60400,60052.24219,14859797
11-01-2023,61000,61200,60300,60500,60151.66797,12310751
12-01-2023,61100,61200,59900,60500,60151.66797,16102561
13-01-2023,60500,61200,60400,60800,60449.94141,12510328
16-01-2023,61300,61600,60800,61100,60748.21094,10039972
17-01-2023,61200,61500,60600,61000,60648.78906,9831456
18-01-2023,60700,61000,59900,60400,60052.24219,11584041
19-01-2023,60500,61500,60400,61500,61145.91016,12808490
20-01-2023,62100,62300,61100,61800,61444.18359,9646327
25-01-2023,63500,63700,63000,63300,62935.54688,39217
26-01-2023,63800,63900,63300,63800,63432.66797,54188
27-01-2023,64400,65000,63900,64600,64228.0625,44282
30-01-2023,64900,64900,63100,63300,62935.54688,59628
31-01-2023,63500,63700,61000,61400,61046.48438,163847
01-02-2023,62600,62700,61000,61000,60648.78906,98585
02-02-2023,63200,63900,62600,63500,63134.39453,65992
03-02-2023,63900,64000,63000,63500,63134.39453,47567
06-02-2023,62800,63000,61600,61600,61245.33203,144104
07-02-2023,61900,62500,61600,62000,61643.03125,32873
08-02-2023,62800,63300,62400,63100,62736.69922,42558
09-02-2023,63000,63300,62300,63300,62935.54688,48035
10-02-2023,62600,63000,62400,62900,62537.84766,44786
13-02-2023,62900,63000,62300,62900,62537.84766,59395
14-02-2023,63600,63900,63200,63200,62836.12109,70606
15-02-2023,63900,63900,62000,62200,61841.87891,58370
16-02-2023,62500,63700,62400,63700,63333.24219,41448
17-02-2023,62900,63300,62400,62600,62239.57422,28613
20-02-2023,62900,63000,61800,62700,62339,29846
21-02-2023,62700,62800,62000,62100,61742.45313,60971
22-02-2023,61500,61800,61000,61100,60748.21094,39178
23-02-2023,61700,62500,61500,62000,61643.03125,37145
24-02-2023,62300,62600,61300,61300,60947.0625,50792
27-02-2023,60800,60800,60200,60500,60151.66797,11155697
28-02-2023,60800,61400,60500,60600,60251.08984,13715861
02-03-2023,60900,61800,60500,60800,60449.94141,13095682
03-03-2023,61000,61200,60500,60500,60151.66797,10711405
06-03-2023,61100,61600,60800,61500,61145.91016,13630602
07-03-2023,61400,61400,60700,60700,60350.51563,11473280
08-03-2023,60100,60500,59900,60300,59952.82031,14161857
09-03-2023,60500,60800,59900,60100,59753.96875,14334499
10-03-2023,59500,59700,59100,59500,59157.42578,11902471
13-03-2023,59900,60200,59300,60000,59654.54688,12779724
14-03-2023,59400,59500,59000,59000,58660.30469,12147346
15-03-2023,60000,60300,59600,59800,59455.69922,10482149
16-03-2023,59200,60200,59100,59900,59555.12109,10611939
17-03-2023,60800,61300,60600,61300,60947.0625,14090110
20-03-2023,61100,61200,60200,60200,59853.39453,9618009
21-03-2023,60500,60700,60100,60300,59952.82031,8318514
22-03-2023,61000,61200,60500,61100,60748.21094,8978591
23-03-2023,60600,62300,60600,62300,61941.30469,15381057
24-03-2023,62700,63300,62300,63000,62637.27344,18278602
27-03-2023,62600,62800,62000,62100,61742.45313,11039331
28-03-2023,62400,62900,62100,62900,62537.84766,11614118
29-03-2023,62500,62700,62200,62700,62339,11216008
30-03-2023,63700,63700,63100,63200,63200,15684377
31-03-2023,64000,64000,63700,64000,64000,14094479
03-04-2023,64000,64000,63000,63100,63100,11973133
04-04-2023,63400,63800,62800,63600,63600,11120514
05-04-2023,63700,64000,63400,63900,63900,9176149
06-04-2023,63500,63600,62300,62300,62300,14992747
07-04-2023,63800,65200,63800,65000,65000,27476120
10-04-2023,64800,66300,64700,65700,65700,18777166
11-04-2023,66200,66200,65400,65900,65900,16323183
12-04-2023,65800,66200,65300,66000,66000,15021313
13-04-2023,65600,66100,65400,66100,66100,15091022
14-04-2023,66600,66600,65000,65100,65100,16176490
17-04-2023,65000,65600,64700,65300,65300,13486618
18-04-2023,65900,66000,64800,65600,65600,14802060
19-04-2023,65500,65800,65300,65500,65500,10255985
20-04-2023,65100,65300,64600,65300,65300,9501169
21-04-2023,65800,65900,65400,65700,65700,10538622
24-04-2023,65300,65700,64800,65200,65200,12986581
25-04-2023,65300,65400,63400,63600,63600,16193271
26-04-2023,63600,64300,63300,64100,64100,12664541
27-04-2023,64100,65000,63300,64600,64600,14779601
28-04-2023,65200,65900,65000,65500,65500,19699481
02-05-2023,66000,66300,65100,65700,65700,14396948
03-05-2023,65100,65600,64900,65400,65400,8876749
04-05-2023,65600,65700,64700,65100,65100,9791064
08-05-2023,66300,66300,65400,65900,65900,9405365
09-05-2023,65800,65800,65100,65300,65300,9366861
10-05-2023,65500,65500,64300,64600,64600,13057727
11-05-2023,64700,65100,64200,64200,64200,11648905
12-05-2023,63700,64600,63600,64100,64100,8693913
15-05-2023,64100,64600,63900,64500,64500,8172021
16-05-2023,65800,65900,65300,65400,65400,12334657
17-05-2023,65900,65900,64800,65000,65000,10745504
18-05-2023,66000,66200,65700,66200,66200,14431704
19-05-2023,67800,68400,67500,68400,68400,20349345
22-05-2023,68400,69000,68000,68500,68500,14470308
23-05-2023,68500,68700,68100,68400,68400,8561643
24-05-2023,68100,68700,68000,68500,68500,8192896
25-05-2023,69900,70000,68700,68800,68800,14231160
26-05-2023,69800,70400,69500,70300,70300,19549511
30-05-2023,71300,72300,71200,72300,72300,27476897
31-05-2023,72400,72500,71000,71400,71400,25666087
01-06-2023,70900,71600,70600,70900,70900,14669296
02-06-2023,71700,72200,71600,72200,72200,12161798
05-06-2023,72700,72700,71400,71700,71700,12686829
07-06-2023,71300,71600,70800,71000,71000,14796613
08-06-2023,70400,70900,70000,70900,70900,19165568
09-06-2023,71100,72300,70800,72000,72000,15050209
12-06-2023,72100,72400,70800,71000,71000,12064287
13-06-2023,71700,72200,71600,72000,72000,13227285
14-06-2023,72100,72200,71100,71900,71900,12541046
15-06-2023,72100,72300,71300,71500,71500,13614994
16-06-2023,71800,71900,70900,71800,71800,15373696
19-06-2023,71300,71700,70900,71200,71200,11100887
20-06-2023,70700,71400,70400,71400,71400,11557883
21-06-2023,70700,71200,70400,70500,70500,10626603
22-06-2023,70200,71500,70100,71300,71300,11411007
23-06-2023,72000,72200,71600,71600,71600,12329484
26-06-2023,71700,72500,71500,72400,72400,10541901
27-06-2023,72500,72600,72000,72600,72600,9442997
28-06-2023,72600,72700,72000,72700,72700,8783093
29-06-2023,73100,73400,72400,72400,72400,12229967
30-06-2023,72500,72700,71700,72200,72200,11694765
